{"_wandb":{"runtime":1606},"train/dfl_loss":1.82109,"metrics/mAP50-95(B)":0.27173,"_runtime":1606.248027681,"train_batch1":{"format":"jpg","width":1920,"height":1920,"_type":"image-file","sha256":"837dd7952d59458c52cd7cb56381e61718f209faa84baa6f6d4f684b3e197041","size":349860,"path":"media/images/train_batch1_1_837dd7952d59458c52cd.jpg"},"train/box_loss":1.56609,"train_batch0":{"sha256":"a3610cbaa5d227c2563cd4ba26252a7f70a31258fdbc854b8385fa3cdd013ab2","size":303922,"path":"media/images/train_batch0_1_a3610cbaa5d227c2563c.jpg","format":"jpg","width":1920,"height":1920,"_type":"image-file"},"lr/pg0":0.0006574512,"train/cls_loss":2.48644,"labels":{"_type":"image-file","sha256":"f5f50e832e6ea3874fee144bbfc6b26d62c94865cb07f068b18dd4c3ec9cb7fb","size":130267,"path":"media/images/labels_1_f5f50e832e6ea3874fee.jpg","format":"jpg","width":1600,"height":1600},"_step":5,"model/GFLOPs":79.066,"metrics/mAP50(B)":0.57599,"train_batch2":{"height":1920,"_type":"image-file","sha256":"98a51c5dccebc226275f070ef2275202951bcc36d7cfc027bb5ec62cd8a455d2","size":392227,"path":"media/images/train_batch2_1_98a51c5dccebc226275f.jpg","format":"jpg","width":1920},"val/cls_loss":3.07368,"val/box_loss":0.51223,"lr/pg2":0.0006574512,"lr/pg1":0.0006574512,"metrics/precision(B)":0.5506,"model/speed_PyTorch(ms)":10.66,"val/dfl_loss":0.66885,"_timestamp":1.7264210890288289e+09,"model/parameters":25856899,"metrics/recall(B)":0.527}