{"_wandb": {"runtime": 287}, "train/box_loss": 2.96193, "train/cls_loss": 7.22829, "train/dfl_loss": 3.57359, "_timestamp": 1725279104.083089, "lr/pg0": 0.00012819651741293532, "lr/pg1": 0.00012819651741293532, "lr/pg2": 0.00012819651741293532, "_runtime": 267.02338004112244, "_step": 1}