{"train/box_loss": 1.84098, "train/cls_loss": 3.11142, "train/dfl_loss": 1.89832, "_timestamp": 1725282372.5906081, "lr/pg0": 0.009600587064676617, "lr/pg1": 0.009600587064676617, "lr/pg2": 0.009600587064676617, "metrics/precision(B)": 0.52246, "metrics/recall(B)": 0.04163, "metrics/mAP50(B)": 0.02044, "metrics/mAP50-95(B)": 0.00748, "val/box_loss": 2.56338, "val/cls_loss": 5.93227, "val/dfl_loss": 2.83539, "labels": {"_type": "image-file", "sha256": "7a20d6c920dad1bacc94c418643359841b35d98f7894f402237edfd28c7c712c", "size": 190562, "path": "media/images/labels_1_7a20d6c920dad1bacc94.jpg", "format": "jpg", "width": 1600, "height": 1600}, "train_batch0": {"_type": "image-file", "sha256": "aa897f287d3acc78b8967ff7aeee5dc7d538cc48111c993888d5ac6657a3e176", "size": 367422, "path": "media/images/train_batch0_1_aa897f287d3acc78b896.jpg", "format": "jpg", "width": 1920, "height": 1920}, "train_batch1": {"_type": "image-file", "sha256": "b1f3b906ff7aa13ab276d20fd5fffc0afd6aa7edd40bb9f0c0a75033dee73c02", "size": 412348, "path": "media/images/train_batch1_1_b1f3b906ff7aa13ab276.jpg", "format": "jpg", "width": 1920, "height": 1920}, "train_batch2": {"_type": "image-file", "sha256": "4590ce50e7b37f5d8c024ba698e3c53910f4d1a920f69384c518c2d266bbdf5b", "size": 351867, "path": "media/images/train_batch2_1_4590ce50e7b37f5d8c02.jpg", "format": "jpg", "width": 1920, "height": 1920}, "model/parameters": 25869058, "model/GFLOPs": 79.133, "model/speed_PyTorch(ms)": 10.581, "_runtime": 1032.9368350505829, "_step": 3, "_wandb": {"runtime": 1260}}